foreignList__name,foreignList__continent,foreignList__date,foreignList__isUpdated,foreignList__confirmAdd,foreignList__confirmAddCut,foreignList__confirm,foreignList__suspect,foreignList__dead,foreignList__heal,foreignList__nowConfirm,foreignList__confirmCompare,foreignList__nowConfirmCompare,foreignList__healCompare,foreignList__deadCompare,foreignList__children__name,foreignList__children__date,foreignList__children__nameMap,foreignList__children__isUpdated,foreignList__children__confirmAdd,foreignList__children__confirmAddCut,foreignList__children__confirm,foreignList__children__suspect,foreignList__children__dead,foreignList__children__heal,globalStatis__nowConfirm,globalStatis__confirm,globalStatis__heal,globalStatis__dead,globalStatis__nowConfirmAdd,globalStatis__confirmAdd,globalStatis__healAdd,globalStatis__deadAdd,globalStatis__lastUpdateTime,globalDailyHistory__date,globalDailyHistory__all__confirm,globalDailyHistory__all__dead,globalDailyHistory__all__heal,globalDailyHistory__all__newAddConfirm,globalDailyHistory__all__deadRate,globalDailyHistory__all__healRate,importStatis__TopList__province,importStatis__TopList__importedCase,countryAddConfirmRankList__nation,countryAddConfirmRankList__addConfirm,countryConfirmWeekCompareRankList__nation,countryConfirmWeekCompareRankList__day,countryConfirmWeekCompareRankList__day7,countryConfirmWeekCompareRankList__rate,continentStatis__date,continentStatis__statis__亚洲,continentStatis__statis__其他,continentStatis__statis__北美洲,continentStatis__statis__大洋洲,continentStatis__statis__欧洲,continentStatis__nowConfirm,continentStatis__rate,continentStatis__range,continentStatis__statis__南美洲,continentStatis__statis__非洲
美国,北美洲,12.17,TRUE,246996,0,17392618,0,314577,10170735,6907306,248839,82448,162882,3509,德克萨斯,12.04,Texas,FALSE,0,0,1317457,0,22729,1042205,20736295,74399900,52015651,1647954,171566,461105,281878,7627,2020/12/17 10:21,1.28,57,0,3,19,0,5.26,上海,1075,美国,204281,日本本土,4257,2178,95.45,2月16日,244,355,23,15,44,595,0,,,
,,,,,,,,,,,,,,,加利福尼亚,12.04,California,FALSE,0,0,1291214,0,19588,598450,,,,,,,,,,1.29,74,0,3,12,0,4.05,广东,625,土耳其,32102,泽西岛,1842,1338,37.67,2月23日,960,691,42,17,174,1716,188,02/17-02/23,,
,,,,,,,,,,,,,,,佛罗里达,12.04,Florida,FALSE,0,0,1029030,0,18874,665958,,,,,,,,,,1.3,98,0,6,14,0,6.12,黑龙江,389,德国,27728,乌拉圭,10029,7505,33.63,3月1日,4238,712,94,28,1542,5684,231,02/24-03/01,3,
,,,,,,,,,,,,,,,伊利诺伊,12.04,Illinois,FALSE,0,0,759562,0,13625,397769,,,,,,,,,,1.31,124,0,11,24,0,8.87,四川,285,俄罗斯,26509,土耳其,1084109,872093,24.31,3月8日,15143,696,528,81,10368,23184,307,03/02-03/08,55,80
,,,,,,,,,,,,,,,纽约,12.04,New York,FALSE,0,0,713587,0,34829,445322,,,,,,,,,,2.01,139,0,11,26,0,7.91,陕西,257,印度,26382,立陶宛,99869,80556,23.97,3月15日,25683,712,3315,280,48928,67513,191,03/09-03/15,348,315
,,,,,,,,,,,,,,,乔治亚,12.04,Georgia,FALSE,0,0,487978,0,9648,303282,,,,,,,,,,2.02,149,1,11,14,0.67,7.38,内蒙古,237,巴西,25193,布基纳法索,4300,3469,23.96,3月22日,41052,712,29020,1419,158452,200985,197,03/16-03/22,3203,1238
,,,,,,,,,,,,,,,俄亥俄州,12.04,Ohio,FALSE,0,0,446849,0,6753,298332,,,,,,,,,,2.03,154,1,12,7,0.65,7.79,福建,207,英国,18450,丹麦,116087,94799,22.46,3月29日,75785,712,133037,4483,368123,500382,148,03/23-03/29,10052,4286
,,,,,,,,,,,,,,,密歇根州,12.04,Michigan,FALSE,0,0,410843,0,10035,165269,,,,,,,,,,2.04,177,1,19,6,0.56,10.73,北京,198,意大利,14839,乌干达,28168,23200,21.41,4月5日,584,,,,,547,-99,03/30-04/05,,
,,,,,,,,,,,,,,,威斯康星,12.04,Wisconsin,FALSE,0,0,399708,0,3562,331425,,,,,,,,,,2.05,201,1,21,32,0.5,10.45,天津,156,波兰,12455,爱沙尼亚,18687,15510,20.48,4月19日,,,735366,,4465,633670,115744,04/06-04/19,,
,,,,,,,,,,,,,,,宾夕法尼亚,12.04,Pennsylvania,FALSE,0,0,392610,0,11031,228233,,,,,,,,,,2.06,225,1,25,25,0.44,11.11,甘肃,90,法国,11481,拉脱维亚,26472,22104,19.76,4月26日,,,941628,,4465,786034,24,04/20-04/26,,
,,,,,,,,,,,,,,,田纳西,12.04,Tennessee,FALSE,0,0,388252,0,4781,347412,,,,,,,,,,2.07,273,1,27,54,0.37,9.89,,,,,,,,,5月3日,,,1160774,,245567,994246,26,04/27-05/03,,
,,,,,,,,,,,,,,,北卡罗来纳,12.04,North Carolina,FALSE,0,0,377231,0,5410,315979,,,,,,,,,,2.08,299,1,29,18,0.33,9.7,,,,,,,,,5月10日,,,1347309,,262783,1078312,8,05/04-05/10,,
,,,,,,,,,,,,,,,新泽西,12.04,New Jersey,FALSE,0,0,359647,0,17346,199533,,,,,,,,,,2.09,313,1,30,19,0.32,9.58,,,,,,,,,5月17日,,,1507773,,276505,1135117,5,05/11-05/17,,
,,,,,,,,,,,,,,,印第安纳,12.04,Indiana,FALSE,0,0,359430,0,6033,213673,,,,,,,,,,2.1,385,1,36,12,0.26,9.35,,,,,,,,,5月24日,,,1666828,,282370,1177965,3,05/18-05/24,,
,,,,,,,,,,,,,,,亚利桑那,12.04,Arizona,FALSE,0,0,346421,0,6821,54342,,,,,,,,,,2.11,397,1,44,76,0.25,11.08,,,,,,,,,5月31日,,,1816820,,286308,1238250,5,05/25-05/31,,
,,,,,,,,,,,,,,,明尼苏达,12.04,Minnesota,FALSE,0,0,333626,0,3843,290019,,,,,,,,,,2.12,444,1,50,46,0.23,11.26,,,,,,,,,6月7日,,,1988544,,288390,1189050,-3,06/01-06/07,,
,,,,,,,,,,,,,,,密苏里州,12.04,Missouri,FALSE,0,0,327401,0,4353,89856,,,,,,,,,,2.13,505,2,56,6,0.4,11.09,,,,,,,,,6月14日,,,2142224,,290685,1231376,3,06/08-06/14,,
,,,,,,,,,,,,,,,阿拉巴马州,12.04,Alabama,FALSE,0,0,260359,0,3776,168387,,,,,,,,,,2.14,516,2,59,58,0.39,11.43,,,,,,,,,6月21日,,,2330578,,293018,1303395,5,06/15-06/21,,
,,,,,,,,,,,,,,,科罗拉多,12.04,Colorado,FALSE,0,0,247209,0,3320,56642,,,,,,,,,,2.15,601,3,61,21,0.5,10.15,,,,,,,,,6月28日,,,2596537,,295549,1457198,11,06/22-06/28,,
,,,,,,,,,,,,,,,弗吉尼亚,12.04,Virginia,FALSE,0,0,244503,0,4147,24782,,,,,,,,,,2.16,687,3,84,157,0.44,12.23,,,,,,,,,7月5日,,,2935770,,297625,1615329,10,06/29-07/05,,
,,,,,,,,,,,,,,,路易斯安那州,12.04,Louisiana,FALSE,0,0,244078,0,6524,202891,,,,,,,,,,2.17,800,3,88,111,0.38,11,,,,,,,,,7月12日,,,3355646,,300988,1804451,11,07/06-07/12,,
,,,,,,,,,,,,,,,马萨诸塞,12.04,Massachusetts,FALSE,0,0,240907,0,10874,180778,,,,,,,,,,2.18,904,3,114,10,0.33,12.61,,,,,,,,,7月19日,,,3833271,,307335,1997132,10,07/13-07/19,,
,,,,,,,,,,,,,,,爱荷华州,12.04,Iowa,FALSE,0,0,237507,0,2522,147169,,,,,,,,,,2.19,1018,3,127,120,0.29,12.48,,,,,,,,,7月26日,,,4315709,,319501,2198730,10,07/20-07/26,,
,,,,,,,,,,,,,,,南卡罗来纳州,12.04,South Carolina,FALSE,0,0,223063,0,4466,117338,,,,,,,,,,2.2,1096,8,127,149,0.73,11.59,,,,,,,,,8月2日,,,4764318,,335602,2465656,12,07/27-08/02,422183,
,,,,,,,,,,,,,,,犹他,12.04,Utah,FALSE,0,0,206165,0,917,142939,,,,,,,,,,2.21,1231,11,142,127,0.89,11.54,,,,,,,,,8月9日,,,5149723,,361442,2482164,0,08/03-08/09,,
,,,,,,,,,,,,,,,马里兰,12.04,Maryland,FALSE,0,0,205399,0,4764,8675,,,,,,,,,,2.22,1528,14,154,182,0.92,10.08,,,,,,,,,8月16日,,,5529789,,379799,2611231,5,08/10-08/16,,
,,,,,,,,,,,,,,,俄克拉荷马,12.04,Oklahoma,FALSE,0,0,204048,0,1836,174169,,,,,,,,,,2.23,1895,22,155,386,1.16,8.18,,,,,,,,,8月23日,,,5841428,,407879,2695257,3,08/17-08/23,,
,,,,,,,,,,,,,,,肯塔基,12.04,Kentucky,FALSE,0,0,190601,0,2014,28755,,,,,,,,,,2.24,2286,32,173,300,1.4,7.57,,,,,,,,,8月30日,,,6139078,,455621,2773076,2,08/24-08/30,,
,,,,,,,,,,,,,,,华盛顿州,12.04,Washington,FALSE,0,0,179178,0,2919,68764,,,,,,,,,,2.25,2575,40,192,365,1.55,7.46,,,,,,,,,9月6日,,,6431152,,517133,2822091,1,08/31-09/06,,
,,,,,,,,,,,,,,,堪萨斯州,12.04,Kansas,FALSE,0,0,164515,0,1679,101299,,,,,,,,,,2.26,3085,51,220,459,1.65,7.13,,,,,,,,,9月13日,,,6676601,,576697,2878111,1,09/07-09/13,,
,,,,,,,,,,,,,,,阿肯色州,12.04,Arkansas,FALSE,0,0,164310,0,2555,144624,,,,,,,,,,2.27,3945,64,310,736,1.62,7.86,,,,,,,,,9月20日,,,6967403,,659334,2971767,3,09/14-09/20,,
,,,,,,,,,,,,,,,内华达,12.04,Nevada,FALSE,0,0,159532,0,2249,85545,,,,,,,,,,2.28,4947,80,360,1030,1.62,7.28,,,,,,,,,9月27日,,,7287561,,735198,3061284,3,09/21-09/27,,
,,,,,,,,,,,,,,,密西西比州,12.04,Mississippi,FALSE,0,0,159036,0,3879,128746,,,,,,,,,,2.29,6305,95,455,1309,1.51,7.22,,,,,,,,,10月4日,,,7600846,,810807,3149823,2,09/28-10/04,,
,,,,,,,,,,,,,,,内布拉斯加,12.04,Nebraska,FALSE,0,0,132918,0,1159,67336,,,,,,,,,,3.01,7342,112,1020,1161,1.53,13.89,,,,,,,,,10月11日,,,7945505,,890367,3296861,4,10/05-10/11,,
,,,,,,,,,,,,,,,康涅狄格,12.04,Connecticut,FALSE,0,0,126177,0,5111,48015,,,,,,,,,,3.02,9628,152,558,1589,1.58,5.8,,,,,,,,,10月18日,,,8342665,,982723,3438181,4,10/12-10/18,,
,,,,,,,,,,,,,,,美军,12.04,US Military,FALSE,0,0,120398,0,130,72202,,,,,,,,,,3.03,12047,184,895,1800,1.53,7.43,,,,,,,,,10月25日,,,8827932,,1110372,3734915,8,10/19-10/25,,
,,,,,,,,,,,,,,,退伍军人事务部,12.04,Veteran Affairs,FALSE,0,0,116347,0,5096,95562,,,,,,,,,,3.04,13897,236,909,2078,1.7,6.54,,,,,,,,,11月1日,,,9402590,,1264517,4135761,10,10/26-11/01,,
,,,,,,,,,,,,,,,爱达荷州,12.04,Idaho,FALSE,0,0,106455,0,1014,42274,,,,,,,,,,3.05,16234,296,1087,4166,1.82,6.7,,,,,,,,,11月8日,,,10182818,,1388411,4650437,12,11/02-11/08,,
,,,,,,,,,,,,,,,新墨西哥州,12.04,New Mexico,FALSE,0,0,102862,0,1673,35179,,,,,,,,,,3.06,19488,366,1566,2743,1.88,8.04,,,,,,,,,11月15日,,,11226038,,1492608,5338648,14,11/09-11/15,,
,,,,,,,,,,,,,,,波多黎各,12.04,Puerto Rico,FALSE,0,0,95707,0,1155,45565,,,,,,,,,,3.07,23013,452,1730,3641,1.96,7.52,,,,,,,,,11月22日,,,12450666,,1589219,6134671,14,11/16-11/22,,
,,,,,,,,,,,,,,,南达科塔州,12.04,South Dakota,FALSE,0,0,83348,0,1033,66841,,,,,,,,,,3.08,26959,561,3208,3706,2.08,11.9,,,,,,,,,11月29日,,,13610357,,1646192,6701430,9,11/23-11/29,,
,,,,,,,,,,,,,,,北达科他州,12.04,North Dakota,FALSE,0,0,81105,0,977,74667,,,,,,,,,,3.09,30814,766,3614,4063,2.49,11.73,,,,,,,,,12月6日,,,14983425,,1699145,7363797,9,11/30-12/06,,
,,,,,,,,,,,,,,,俄勒冈,12.04,Oregon,FALSE,0,0,79293,0,973,0,,,,,,,,,,3.1,35796,977,4212,3972,2.73,11.77,,,,,,,,,12月13日,,,16549366,,4146694,10262819,39,12/07-12/13,,
,,,,,,,,,,,,,,,蒙大拿,12.04,Montana,FALSE,0,0,65122,0,722,48360,,,,,,,,,,3.11,41212,1232,5274,4596,2.99,12.8,,,,,,,,,12月17日,88300,712,17440635,4835,4556110,11135737,8,12/14-12/17,432943,4905
,,,,,,,,,,,,,,,罗德岛,12.04,Rhode Island,FALSE,0,0,60722,0,1400,3892,,,,,,,,,,3.12,48743,1577,5779,6702,3.24,11.86,,,,,,,,,,,,,,,,,,,
,,,,,,,,,,,,,,,西弗吉尼亚,12.04,West Virginia,FALSE,0,0,51025,0,789,32808,,,,,,,,,,3.13,58493,1944,6544,7485,3.32,11.19,,,,,,,,,,,,,,,,,,,
,,,,,,,,,,,,,,,特拉华州,12.04,Delaware,FALSE,0,0,37456,0,779,18066,,,,,,,,,,3.14,67414,2354,7947,9747,3.49,11.79,,,,,,,,,,,,,,,,,,,
,,,,,,,,,,,,,,,怀俄明州,12.04,Wyoming,FALSE,0,0,35078,0,257,28113,,,,,,,,,,3.15,79582,2765,9304,11511,3.47,11.69,,,,,,,,,,,,,,,,,,,
,,,,,,,,,,,,,,,阿拉斯加州,12.04,Alaska,FALSE,0,0,33291,0,129,0,,,,,,,,,,3.16,92523,3473,10447,14579,3.75,11.29,,,,,,,,,,,,,,,,,,,
,,,,,,,,,,,,,,,联邦监狱局,12.04,Federal Prisons,FALSE,0,0,30295,0,151,23734,,,,,,,,,,3.17,106190,4276,11680,11714,4.03,11,,,,,,,,,,,,,,,,,,,
,,,,,,,,,,,,,,,新罕布什尔,12.04,New Hampshire,FALSE,0,0,22925,0,544,18039,,,,,,,,,,3.18,122946,4988,13496,15084,4.06,10.98,,,,,,,,,,,,,,,,,,,
,,,,,,,,,,,,,,,华盛顿特区,12.04,District Of Columbia,FALSE,0,0,22164,0,692,16268,,,,,,,,,,3.19,147281,6078,15402,17886,4.13,10.46,,,,,,,,,,,,,,,,,,,
,,,,,,,,,,,,,,,夏威夷,12.04,Hawaii,FALSE,0,0,18186,0,246,13182,,,,,,,,,,3.2,169551,6952,17687,24119,4.1,10.43,,,,,,,,,,,,,,,,,,,
,,,,,,,,,,,,,,,纳瓦霍族保留地,12.04,Navajo Nation,FALSE,0,0,17035,0,658,9512,,,,,,,,,,3.21,195941,8087,20216,28260,4.13,10.32,,,,,,,,,,,,,,,,,,,
,,,,,,,,,,,,,,,缅因州,12.04,Maine,FALSE,0,0,12554,0,220,9733,,,,,,,,,,3.22,235102,10391,23721,32658,4.42,10.09,,,,,,,,,,,,,,,,,,,
,,,,,,,,,,,,,,,关岛,12.04,Guam,FALSE,0,0,6942,0,112,6030,,,,,,,,,,3.23,270017,12125,26708,32677,4.49,9.89,,,,,,,,,,,,,,,,,,,
,,,,,,,,,,,,,,,佛蒙特,12.04,Vermont,FALSE,0,0,4642,0,75,2726,,,,,,,,,,3.24,313330,14001,29295,39642,4.47,9.35,,,,,,,,,,,,,,,,,,,
,,,,,,,,,,,,,,,美属维尔京群岛,12.04,United States Virgin Islands,FALSE,0,0,1613,0,23,1502,,,,,,,,,,3.25,355599,16391,35306,40603,4.61,9.93,,,,,,,,,,,,,,,,,,,
,,,,,,,,,,,,,,,北马里亚纳群岛,12.04,Northern Mariana Islands,FALSE,0,0,106,0,2,0,,,,,,,,,,3.26,407265,18872,41192,49092,4.63,10.11,,,,,,,,,,,,,,,,,,,
,,,,,,,,,,,,,,,至尊公主号邮轮,10.16,,FALSE,0,0,103,0,3,0,,,,,,,,,,3.27,465884,21829,50267,46354,4.69,10.79,,,,,,,,,,,,,,,,,,,
,,,,,,,,,,,,,,,钻石公主号邮轮,10.19,Diamond Princess Ship,FALSE,0,0,46,0,0,0,,,,,,,,,,3.28,536355,25279,59191,62362,4.71,11.04,,,,,,,,,,,,,,,,,,,
,,,,,,,,,,,,,,,撤回侨民,10.19,,FALSE,0,0,3,0,0,0,,,,,,,,,,3.29,598686,28682,67858,63031,4.79,11.33,,,,,,,,,,,,,,,,,,,
,,,,,,,,,,,,,,,地区待确认,4.02,,FALSE,0,0,0,0,0,0,,,,,,,,,,3.3,658696,31868,78275,58305,4.84,11.88,,,,,,,,,,,,,,,,,,,
法国,欧洲,12.13,FALSE,0,0,2405255,0,57671,181581,2166003,0,0,0,0,,,,,,,,,,,,,,,,,,,,3.31,662138,32395,79048,57402,4.89,11.94,,,,,,,,,,,,,,,,,,,
西班牙,欧洲,12.17,TRUE,11078,0,1782566,0,48596,196958,1537012,11078,10883,0,195,,,,,,,,,,,,,,,,,,,,4.02,662453,32406,79648,72699,4.89,12.02,,,,,,,,,,,,,,,,,,,
秘鲁,南美洲,8.02,FALSE,0,0,422183,0,19408,290835,111940,0,0,0,0,,,,,,,,,,,,,,,,,,,,4.03,662459,32407,79648,75745,4.89,12.02,,,,,,,,,,,,,,,,,,,
英国,欧洲,4.17,FALSE,0,0,104145,0,13759,375,90011,0,0,0,0,英格兰,12.16,England,FALSE,0,0,1618678,0,65061,4093,,,,,,,,,,4.05,662770,32408,79654,81932,4.89,12.02,,,,,,,,,,,,,,,,,,,
,,,,,,,,,,,,,,,苏格兰,12.16,Scotland,FALSE,0,0,107749,0,5868,0,,,,,,,,,,4.13,665615,32472,79757,76274,4.88,11.98,,,,,,,,,,,,,,,,,,,
,,,,,,,,,,,,,,,威尔士,12.16,Wales,FALSE,0,0,102568,0,3878,0,,,,,,,,,,4.14,666039,32472,79757,71674,4.88,11.97,,,,,,,,,,,,,,,,,,,
,,,,,,,,,,,,,,,北爱尔兰,12.16,Northern Ireland,FALSE,0,0,59121,0,1480,0,,,,,,,,,,4.15,666450,32486,79757,70013,4.87,11.97,,,,,,,,,,,,,,,,,,,
意大利,欧洲,3.3,FALSE,0,0,97689,0,10779,13030,73880,0,0,0,0,伦巴第,12.04,Lombardia,FALSE,0,0,419015,0,22626,278058,,,,,,,,,,4.16,1163393,60975,127673,76544,5.24,10.97,,,,,,,,,,,,,,,,,,,
,,,,,,,,,,,,,,,皮埃蒙特,12.04,Piemonte,FALSE,0,0,172931,0,6452,96473,,,,,,,,,,4.17,1282444,75566,139690,82546,5.89,10.89,,,,,,,,,,,,,,,,,,,
,,,,,,,,,,,,,,,坎帕尼亚,12.04,Campania,FALSE,0,0,160569,0,1818,56177,,,,,,,,,,4.18,1317007,79328,143970,85647,6.02,10.93,,,,,,,,,,,,,,,,,,,
,,,,,,,,,,,,,,,威尼托,12.04,Veneto,FALSE,0,0,154490,0,3982,79905,,,,,,,,,,4.19,1345517,81336,150301,81132,6.04,11.17,,,,,,,,,,,,,,,,,,,
,,,,,,,,,,,,,,,艾米利亚-罗马涅,12.04,Emilia-Romagna,FALSE,0,0,127870,0,5959,51674,,,,,,,,,,4.2,1370721,82943,154458,72810,6.05,11.27,,,,,,,,,,,,,,,,,,,
,,,,,,,,,,,,,,,拉齐奥,12.04,Lazio,FALSE,0,0,125009,0,2514,29616,,,,,,,,,,4.21,1399071,84699,156980,82993,6.05,11.22,,,,,,,,,,,,,,,,,,,
,,,,,,,,,,,,,,,托斯卡纳,12.04,Toscana,FALSE,0,0,105804,0,2756,67618,,,,,,,,,,4.22,1436399,87394,159129,73883,6.08,11.08,,,,,,,,,,,,,,,,,,,
,,,,,,,,,,,,,,,西西里,12.04,Sicilia,FALSE,0,0,67862,0,1650,26432,,,,,,,,,,4.23,1454132,89100,160511,73642,6.13,11.04,,,,,,,,,,,,,,,,,,,
,,,,,,,,,,,,,,,阿普利亚,12.04,Puglia,FALSE,0,0,59249,0,1588,15912,,,,,,,,,,4.24,1481436,92307,164384,81520,6.23,11.1,,,,,,,,,,,,,,,,,,,
,,,,,,,,,,,,,,,利古里亚,12.04,Liguria,FALSE,0,0,52794,0,2449,38887,,,,,,,,,,4.25,1555453,96625,197589,93702,6.21,12.7,,,,,,,,,,,,,,,,,,,
,,,,,,,,,,,,,,,弗留利-威尼斯-朱利亚,12.04,Friuli Venezia Giulia,FALSE,0,0,32970,0,941,17146,,,,,,,,,,4.26,1589985,98586,204283,84886,6.2,12.85,,,,,,,,,,,,,,,,,,,
,,,,,,,,,,,,,,,马尔凯,12.04,Marche,FALSE,0,0,31040,0,1298,10793,,,,,,,,,,4.27,1615942,99493,205520,85527,6.16,12.72,,,,,,,,,,,,,,,,,,,
,,,,,,,,,,,,,,,阿布鲁佐,12.04,Abruzzo,FALSE,0,0,29196,0,940,10428,,,,,,,,,,4.28,1642302,101105,211138,76020,6.16,12.86,,,,,,,,,,,,,,,,,,,
,,,,,,,,,,,,,,,博尔扎诺,12.04,P.A. Bolzano,FALSE,0,0,24562,0,558,12789,,,,,,,,,,4.29,1667678,103165,215557,66254,6.19,12.93,,,,,,,,,,,,,,,,,,,
,,,,,,,,,,,,,,,翁布里亚,12.04,Umbria,FALSE,0,0,24516,0,440,17314,,,,,,,,,,4.3,1696211,105828,223928,71835,6.24,13.2,,,,,,,,,,,,,,,,,,,
,,,,,,,,,,,,,,,撒丁岛,12.04,Sardegna,FALSE,0,0,22878,0,462,8196,,,,,,,,,,5.01,1902083,125144,376856,84759,6.58,19.81,,,,,,,,,,,,,,,,,,,
,,,,,,,,,,,,,,,卡拉布里亚,12.04,Calabria,FALSE,0,0,17542,0,322,6629,,,,,,,,,,5.02,1944018,128154,392721,91974,6.59,20.2,,,,,,,,,,,,,,,,,,,
,,,,,,,,,,,,,,,特伦蒂诺-上阿迪杰,12.04,P.A. Trento,FALSE,0,0,16406,0,674,13200,,,,,,,,,,5.03,1973762,129845,404476,82758,6.58,20.49,,,,,,,,,,,,,,,,,,,
,,,,,,,,,,,,,,,巴西利卡塔,12.04,Basilicata,FALSE,0,0,8586,0,158,2023,,,,,,,,,,5.04,2003844,131327,414821,86101,6.55,20.7,,,,,,,,,,,,,,,,,,,
,,,,,,,,,,,,,,,瓦莱达奥斯塔,12.04,Valle d'Aosta,FALSE,0,0,6619,0,324,5177,,,,,,,,,,5.05,2030817,132835,427670,81450,6.54,21.06,,,,,,,,,,,,,,,,,,,
,,,,,,,,,,,,,,,莫利塞,12.04,Molise,FALSE,0,0,4921,0,127,2362,,,,,,,,,,5.06,2055615,135185,440269,71461,6.58,21.42,,,,,,,,,,,,,,,,,,,
,,,,,,,,,,,,,,,地区待确认,3.3,,FALSE,0,0,0,0,0,0,,,,,,,,,,5.07,2084195,137957,457265,83462,6.62,21.94,,,,,,,,,,,,,,,,,,,
德国,欧洲,3.3,FALSE,0,0,63929,0,560,9211,54158,0,0,0,0,,,,,,,,,,,,,,,,,,,,5.08,2116899,140299,466094,87723,6.63,22.02,,,,,,,,,,,,,,,,,,,
伊朗,亚洲,3.31,FALSE,0,0,44606,0,2898,14656,27052,0,0,0,0,地区待确认,3.3,,FALSE,0,0,19857,0,2757,13911,,,,,,,,,,5.09,2149323,142215,476936,95844,6.62,22.19,,,,,,,,,,,,,,,,,,,
,,,,,,,,,,,,,,,德黑兰省,3.23,Tehran,FALSE,0,0,5098,0,0,0,,,,,,,,,,5.1,2177513,143816,510190,61564,6.6,23.43,,,,,,,,,,,,,,,,,,,
,,,,,,,,,,,,,,,伊斯法罕省,3.23,Esfahan,FALSE,0,0,1979,0,0,0,,,,,,,,,,5.11,2199722,144709,517700,88871,6.58,23.53,,,,,,,,,,,,,,,,,,,
,,,,,,,,,,,,,,,马赞德兰省,3.23,Mazandaran,FALSE,0,0,1700,0,0,0,,,,,,,,,,5.12,2221398,145840,524996,82590,6.57,23.63,,,,,,,,,,,,,,,,,,,
,,,,,,,,,,,,,,,吉兰省,3.23,Gilan,FALSE,0,0,1191,0,0,0,,,,,,,,,,5.13,2245577,147646,562141,81570,6.57,25.03,,,,,,,,,,,,,,,,,,,
,,,,,,,,,,,,,,,库姆省,3.23,Qom,FALSE,0,0,1178,0,0,0,,,,,,,,,,5.14,2268864,149602,578411,77959,6.59,25.49,,,,,,,,,,,,,,,,,,,
,,,,,,,,,,,,,,,厄尔布尔士省,3.23,Alborz,FALSE,0,0,1177,0,0,0,,,,,,,,,,5.15,2297660,151534,589432,90264,6.6,25.65,,,,,,,,,,,,,,,,,,,
,,,,,,,,,,,,,,,中央省,3.23,Markazi,FALSE,0,0,882,0,0,0,,,,,,,,,,5.16,2326073,153267,601643,86818,6.59,25.87,,,,,,,,,,,,,,,,,,,
,,,,,,,,,,,,,,,拉扎维霍拉桑省,3.23,Razavi Khorasan,FALSE,0,0,858,0,0,0,,,,,,,,,,5.17,2351699,154977,616410,100006,6.59,26.21,,,,,,,,,,,,,,,,,,,
,,,,,,,,,,,,,,,东阿塞拜疆省,3.23,East Azarbaijan,FALSE,0,0,813,0,0,0,,,,,,,,,,5.18,2372804,155929,627259,93314,6.57,26.44,,,,,,,,,,,,,,,,,,,
,,,,,,,,,,,,,,,亚兹德省,3.23,Yazd,FALSE,0,0,725,0,0,0,,,,,,,,,,5.19,2395903,156991,638266,112631,6.55,26.64,,,,,,,,,,,,,,,,,,,
,,,,,,,,,,,,,,,加兹温省,3.23,Qazvin,FALSE,0,0,669,0,0,0,,,,,,,,,,5.2,2416807,158612,643063,57799,6.56,26.61,,,,,,,,,,,,,,,,,,,
,,,,,,,,,,,,,,,塞姆南省,3.23,Semnan,FALSE,0,0,645,0,0,0,,,,,,,,,,5.21,2439668,160125,651959,103979,6.56,26.72,,,,,,,,,,,,,,,,,,,
,,,,,,,,,,,,,,,法尔斯省,3.23,Fars,FALSE,0,0,505,0,0,0,,,,,,,,,,5.22,2468435,161595,664052,100271,6.55,26.9,,,,,,,,,,,,,,,,,,,
,,,,,,,,,,,,,,,洛雷斯坦省,3.23,Lorestan,FALSE,0,0,476,0,0,0,,,,,,,,,,5.23,2494304,163576,715480,109534,6.56,28.68,,,,,,,,,,,,,,,,,,,
,,,,,,,,,,,,,,,胡泽斯坦省,3.23,Khuzestan,FALSE,0,0,444,0,0,0,,,,,,,,,,5.24,2516619,164662,728797,101499,6.54,28.96,,,,,,,,,,,,,,,,,,,
,,,,,,,,,,,,,,,西阿塞拜疆省,3.23,West Azarbaijan,FALSE,0,0,395,0,0,0,,,,,,,,,,5.25,2536709,165353,733585,100253,6.52,28.92,,,,,,,,,,,,,,,,,,,
,,,,,,,,,,,,,,,赞詹省,3.23,Zanjan,FALSE,0,0,394,0,0,0,,,,,,,,,,5.26,2556499,165858,746553,99773,6.49,29.2,,,,,,,,,,,,,,,,,,,
,,,,,,,,,,,,,,,古列斯坦省,3.23,Golestan,FALSE,0,0,391,0,0,0,,,,,,,,,,5.27,2576035,164990,761852,84313,6.4,29.57,,,,,,,,,,,,,,,,,,,
,,,,,,,,,,,,,,,阿尔达比勒省,3.23,Ardebil,FALSE,0,0,289,0,0,0,,,,,,,,,,5.28,2597073,166526,772013,104502,6.41,29.73,,,,,,,,,,,,,,,,,,,
,,,,,,,,,,,,,,,哈马丹省,3.23,Hamadan,FALSE,0,0,243,0,0,0,,,,,,,,,,5.29,2620868,167750,792596,107740,6.4,30.24,,,,,,,,,,,,,,,,,,,
,,,,,,,,,,,,,,,库尔德斯坦省,3.23,Kordestan,FALSE,0,0,238,0,0,0,,,,,,,,,,5.3,2646595,168964,801452,116030,6.38,30.28,,,,,,,,,,,,,,,,,,,
,,,,,,,,,,,,,,,伊拉姆省,3.23,Ilam,FALSE,0,0,183,0,0,0,,,,,,,,,,5.31,2670549,169983,817121,117546,6.37,30.6,,,,,,,,,,,,,,,,,,,
,,,,,,,,,,,,,,,南霍拉桑省,3.23,South Khorasan,FALSE,0,0,178,0,0,0,,,,,,,,,,6.01,2691100,170623,881750,122899,6.34,32.77,,,,,,,,,,,,,,,,,,,
,,,,,,,,,,,,,,,克尔曼沙省,3.23,Kermanshah,FALSE,0,0,175,0,0,0,,,,,,,,,,6.02,2713462,171353,897299,113189,6.31,33.07,,,,,,,,,,,,,,,,,,,
,,,,,,,,,,,,,,,克尔曼省,3.23,Kerman,FALSE,0,0,169,0,0,0,,,,,,,,,,6.03,2735638,172487,927857,93241,6.31,33.92,,,,,,,,,,,,,,,,,,,
,,,,,,,,,,,,,,,北霍拉桑省,3.23,North Khorasan,FALSE,0,0,165,0,0,0,,,,,,,,,,6.04,2756610,173571,970553,129280,6.3,35.21,,,,,,,,,,,,,,,,,,,
,,,,,,,,,,,,,,,霍尔木兹甘省,3.23,Hormozgan,FALSE,0,0,148,0,0,0,,,,,,,,,,6.05,2779212,174607,994135,118515,6.28,35.77,,,,,,,,,,,,,,,,,,,
,,,,,,,,,,,,,,,锡斯坦俾路支斯坦省,3.23,Sistan and Baluchestan,FALSE,0,0,134,0,0,0,,,,,,,,,,6.06,2821187,175825,1020529,127944,6.23,36.17,,,,,,,,,,,,,,,,,,,
,,,,,,,,,,,,,,,科吉卢耶博韦艾哈迈德省,3.23,Kohgiluyeh and Buyer Ahmad,FALSE,0,0,73,0,0,0,,,,,,,,,,6.07,2844355,176532,1033578,136400,6.21,36.34,,,,,,,,,,,,,,,,,,,
,,,,,,,,,,,,,,,恰马哈勒巴赫蒂亚里省,3.23,Chahar Mahall and Bakhtiari,FALSE,0,0,68,0,0,0,,,,,,,,,,6.08,2863500,176906,1043591,131291,6.18,36.44,,,,,,,,,,,,,,,,,,,
,,,,,,,,,,,,,,,布什尔省,3.23,Bushehr,FALSE,0,0,55,0,0,0,,,,,,,,,,6.09,2882711,177492,1055363,108914,6.16,36.61,,,,,,,,,,,,,,,,,,,
加拿大,北美洲,4.25,FALSE,0,0,44526,0,2386,15479,26661,0,0,0,0,,,,,,,,,,,,,,,,,,,,6.1,2902016,178585,1070745,105618,6.15,36.9,,,,,,,,,,,,,,,,,,,
瑞士,欧洲,3.3,FALSE,0,0,15526,0,312,1823,13391,0,0,0,0,,,,,,,,,,,,,,,,,,,,6.11,2923182,179567,1090377,128408,6.14,37.3,,,,,,,,,,,,,,,,,,,
奥地利,欧洲,4.17,FALSE,0,0,14476,0,410,8986,5080,0,0,0,0,,,,,,,,,,,,,,,,,,,,6.12,2946909,180471,1097969,136565,6.12,37.26,,,,,,,,,,,,,,,,,,,
比利时,欧洲,3.3,FALSE,0,0,11899,0,513,1527,9859,0,0,0,0,,,,,,,,,,,,,,,,,,,,6.13,2974632,181262,1123817,142660,6.09,37.78,,,,,,,,,,,,,,,,,,,
荷兰,欧洲,3.3,FALSE,0,0,11814,0,864,253,10697,0,0,0,0,,,,,,,,,,,,,,,,,,,,6.14,3000330,181964,1141795,137468,6.06,38.06,,,,,,,,,,,,,,,,,,,
韩国,亚洲,4.02,FALSE,0,0,9976,0,169,5828,3979,0,0,0,0,首尔,12.17,Seoul,TRUE,0,0,13458,0,125,7921,,,,,,,,,,6.15,3020657,182295,1151933,132532,6.03,38.14,,,,,,,,,,,,,,,,,,,
,,,,,,,,,,,,,,,京畿道,12.17,Gyeonggi,TRUE,0,0,10871,0,151,7820,,,,,,,,,,6.16,3041560,182720,1171749,118457,6.01,38.52,,,,,,,,,,,,,,,,,,,
,,,,,,,,,,,,,,,大邱,12.17,Daegu,TRUE,0,0,7432,0,200,7063,,,,,,,,,,6.17,3067229,183569,1184924,119715,5.98,38.63,,,,,,,,,,,,,,,,,,,
,,,,,,,,,,,,,,,地区待确认,12.17,,TRUE,0,0,2311,0,1,1654,,,,,,,,,,6.18,3094911,184378,1201935,181196,5.96,38.84,,,,,,,,,,,,,,,,,,,
,,,,,,,,,,,,,,,仁川,12.17,Incheon,TRUE,0,0,2076,0,14,1461,,,,,,,,,,6.19,3123420,185125,1212877,142414,5.93,38.83,,,,,,,,,,,,,,,,,,,
,,,,,,,,,,,,,,,庆尚北道,12.17,North Gyeongsang,TRUE,0,0,1902,0,59,1686,,,,,,,,,,6.2,3157266,187023,1237944,138950,5.92,39.21,,,,,,,,,,,,,,,,,,,
,,,,,,,,,,,,,,,釜山,12.17,Busan,TRUE,0,0,1382,0,22,907,,,,,,,,,,6.21,3191017,187603,1254824,182993,5.88,39.32,,,,,,,,,,,,,,,,,,,
,,,,,,,,,,,,,,,忠清南道,12.17,South Chungcheong,TRUE,0,0,1210,0,15,893,,,,,,,,,,6.22,3217430,187871,1262238,152302,5.84,39.23,,,,,,,,,,,,,,,,,,,
,,,,,,,,,,,,,,,庆尚南道,12.17,South Gyeongsang,TRUE,0,0,935,0,2,677,,,,,,,,,,6.23,3249158,188235,1284812,133274,5.79,39.54,,,,,,,,,,,,,,,,,,,
,,,,,,,,,,,,,,,江原道,12.17,Gangwon,TRUE,0,0,851,0,13,655,,,,,,,,,,6.24,3285421,189099,1302264,135184,5.76,39.64,,,,,,,,,,,,,,,,,,,
,,,,,,,,,,,,,,,光州,12.17,Gwangju,TRUE,0,0,839,0,3,730,,,,,,,,,,6.25,3324858,189909,1322488,167035,5.71,39.78,,,,,,,,,,,,,,,,,,,
,,,,,,,,,,,,,,,大田,12.17,Daejeon,TRUE,0,0,683,0,6,535,,,,,,,,,,6.26,3366575,192411,1334176,176983,5.72,39.63,,,,,,,,,,,,,,,,,,,
,,,,,,,,,,,,,,,忠清北道,12.17,North Chungcheong,TRUE,0,0,622,0,7,363,,,,,,,,,,6.27,3415362,193279,1350586,179292,5.66,39.54,,,,,,,,,,,,,,,,,,,
,,,,,,,,,,,,,,,全罗北道,12.17,North Jeolla,TRUE,0,0,615,0,4,405,,,,,,,,,,6.28,3459507,193794,1363320,189059,5.6,39.41,,,,,,,,,,,,,,,,,,,
,,,,,,,,,,,,,,,蔚山,12.17,Ulsan,TRUE,0,0,499,0,8,238,,,,,,,,,,6.29,3500348,194081,1375339,178314,5.54,39.29,,,,,,,,,,,,,,,,,,,
,,,,,,,,,,,,,,,全罗南道,12.17,South Jeolla,TRUE,0,0,485,0,4,404,,,,,,,,,,6.3,3545282,195005,1399060,163842,5.5,39.46,,,,,,,,,,,,,,,,,,,
,,,,,,,,,,,,,,,济州岛,12.17,Jeju,TRUE,0,0,154,0,0,82,,,,,,,,,,7.01,3591625,195778,1425217,163934,5.45,39.68,,,,,,,,,,,,,,,,,,,
,,,,,,,,,,,,,,,世宗,12.17,Sejong,TRUE,0,0,128,0,0,116,,,,,,,,,,7.02,3644113,196462,1446563,176071,5.39,39.7,,,,,,,,,,,,,,,,,,,
土耳其,亚洲,3.3,FALSE,0,0,9217,0,131,105,8981,0,0,0,0,,,,,,,,,,,,,,,,,,,,7.03,3700288,197154,1472974,175708,5.33,39.81,,,,,,,,,,,,,,,,,,,
塞尔维亚,欧洲,4.3,FALSE,0,0,8724,0,173,1292,7259,0,0,0,0,,,,,,,,,,,,,,,,,,,,7.04,3755634,197787,1517371,212317,5.27,40.4,,,,,,,,,,,,,,,,,,,
葡萄牙,欧洲,3.3,FALSE,0,0,6408,0,140,43,6225,0,0,0,0,,,,,,,,,,,,,,,,,,,,7.05,3800816,198004,1542288,203817,5.21,40.58,,,,,,,,,,,,,,,,,,,
以色列,亚洲,3.3,FALSE,0,0,4347,0,15,139,4193,0,0,0,0,,,,,,,,,,,,,,,,,,,,7.06,3847974,198255,1571447,202531,5.15,40.84,,,,,,,,,,,,,,,,,,,
挪威,欧洲,3.3,FALSE,0,0,4284,0,26,7,4251,0,0,0,0,,,,,,,,,,,,,,,,,,,,7.07,3907123,198668,1606830,172487,5.08,41.13,,,,,,,,,,,,,,,,,,,
巴西,南美洲,3.3,FALSE,0,0,4256,0,136,6,4114,0,0,0,0,,,,,,,,,,,,,,,,,,,,7.08,3963715,199665,1636746,168936,5.04,41.29,,,,,,,,,,,,,,,,,,,
澳大利亚,大洋洲,3.3,FALSE,0,0,4245,0,18,244,3983,0,0,0,0,,,,,,,,,,,,,,,,,,,,7.09,4025946,200559,1674562,204934,4.98,41.59,,,,,,,,,,,,,,,,,,,
瑞典,欧洲,3.3,FALSE,0,0,3700,0,110,16,3574,0,0,0,0,,,,,,,,,,,,,,,,,,,,7.1,4087556,201524,1708311,228056,4.93,41.79,,,,,,,,,,,,,,,,,,,
捷克,欧洲,3.3,FALSE,0,0,2817,0,16,11,2790,0,0,0,0,,,,,,,,,,,,,,,,,,,,7.11,4160195,202375,1742378,219941,4.86,41.88,,,,,,,,,,,,,,,,,,,
丹麦,欧洲,3.3,FALSE,0,0,2724,0,72,73,2579,0,0,0,0,,,,,,,,,,,,,,,,,,,,7.12,4224055,203106,1771303,230335,4.81,41.93,,,,,,,,,,,,,,,,,,,
马来西亚,亚洲,3.3,FALSE,0,0,2626,0,37,479,2110,0,0,0,0,,,,,,,,,,,,,,,,,,,,7.13,4282404,203486,1798967,215493,4.75,42.01,,,,,,,,,,,,,,,,,,,
爱尔兰,欧洲,3.3,FALSE,0,0,2615,0,46,5,2564,0,0,0,0,,,,,,,,,,,,,,,,,,,,7.14,4349937,203954,1831352,196720,4.69,42.1,,,,,,,,,,,,,,,,,,,
智利,南美洲,3.3,FALSE,0,0,2449,0,8,156,2285,0,0,0,0,,,,,,,,,,,,,,,,,,,,7.15,4416197,204853,1882078,185782,4.64,42.62,,,,,,,,,,,,,,,,,,,
卢森堡,欧洲,3.3,FALSE,0,0,1988,0,22,40,1926,0,0,0,0,,,,,,,,,,,,,,,,,,,,7.16,4488822,205858,1927845,226161,4.59,42.95,,,,,,,,,,,,,,,,,,,
罗马尼亚,欧洲,3.3,FALSE,0,0,1952,0,46,206,1700,0,0,0,0,,,,,,,,,,,,,,,,,,,,7.17,4568381,206835,1961516,237665,4.53,42.94,,,,,,,,,,,,,,,,,,,
厄瓜多尔,南美洲,3.3,FALSE,0,0,1924,0,58,3,1863,0,0,0,0,,,,,,,,,,,,,,,,,,,,7.18,4644768,207785,2023116,259766,4.47,43.56,,,,,,,,,,,,,,,,,,,
波兰,欧洲,3.3,FALSE,0,0,1905,0,26,7,1872,0,0,0,0,,,,,,,,,,,,,,,,,,,,7.19,4708027,208598,2057102,166655,4.43,43.69,,,,,,,,,,,,,,,,,,,
俄罗斯,欧洲,3.3,FALSE,0,0,1836,0,9,66,1761,0,0,0,0,,,,,,,,,,,,,,,,,,,,7.2,4773306,209010,2084221,229649,4.38,43.66,,,,,,,,,,,,,,,,,,,
日本本土,亚洲,3.28,FALSE,0,0,1724,0,52,372,1300,0,0,0,0,东京,12.17,Tokyo,TRUE,0,0,48717,0,532,42621,,,,,,,,,,7.21,4840766,209557,2131872,213553,4.33,44.04,,,,,,,,,,,,,,,,,,,
,,,,,,,,,,,,,,,大阪府,12.17,Osaka,TRUE,0,0,25817,0,384,20740,,,,,,,,,,7.22,4909264,210678,2168466,202652,4.29,44.17,,,,,,,,,,,,,,,,,,,
,,,,,,,,,,,,,,,神奈川县,12.17,Kanagawa,TRUE,0,0,15715,0,223,13501,,,,,,,,,,7.23,4982927,211910,2224520,247090,4.25,44.64,,,,,,,,,,,,,,,,,,,
,,,,,,,,,,,,,,,爱知县,12.17,Aichi,TRUE,0,0,13297,0,134,10544,,,,,,,,,,7.24,5054985,213079,2261500,284057,4.22,44.74,,,,,,,,,,,,,,,,,,,
,,,,,,,,,,,,,,,北海道,12.17,Hokkaido,TRUE,0,0,11639,0,339,9040,,,,,,,,,,7.25,5135249,214223,2309957,283923,4.17,44.98,,,,,,,,,,,,,,,,,,,
,,,,,,,,,,,,,,,埼玉县,12.17,Saitama,TRUE,0,0,10909,0,171,8757,,,,,,,,,,7.26,5202631,215131,2343575,200446,4.14,45.05,,,,,,,,,,,,,,,,,,,
,,,,,,,,,,,,,,,千叶县,12.17,Chiba,TRUE,0,0,8515,0,100,7287,,,,,,,,,,7.27,5258761,215582,2372012,254085,4.1,45.11,,,,,,,,,,,,,,,,,,,
,,,,,,,,,,,,,,,兵库县,12.17,Hyogo,TRUE,0,0,7703,0,117,6462,,,,,,,,,,7.28,5326693,216179,2418486,226566,4.06,45.4,,,,,,,,,,,,,,,,,,,
,,,,,,,,,,,,,,,福冈县,12.17,Fukuoka,TRUE,0,0,6886,0,109,5948,,,,,,,,,,7.29,5393454,218057,2467777,214915,4.04,45.76,,,,,,,,,,,,,,,,,,,
,,,,,,,,,,,,,,,冲绳县,12.17,Okinawa,TRUE,0,0,4886,0,80,4386,,,,,,,,,,7.3,5398258,218097,2468150,253570,4.04,45.72,,,,,,,,,,,,,,,,,,,
,,,,,,,,,,,,,,,京都府,12.17,Kyoto,TRUE,0,0,3475,0,41,2785,,,,,,,,,,7.31,5534916,221029,2566848,292251,3.99,46.38,,,,,,,,,,,,,,,,,,,
,,,,,,,,,,,,,,,静冈县,12.17,Shizuoka,TRUE,0,0,2264,0,22,1528,,,,,,,,,,8.01,5608912,222493,2609455,289155,3.97,46.52,,,,,,,,,,,,,,,,,,,
,,,,,,,,,,,,,,,茨城县,12.17,Ibaraki,TRUE,0,0,2053,0,33,1717,,,,,,,,,,8.02,6088672,243034,2935605,262749,3.99,48.21,,,,,,,,,,,,,,,,,,,
,,,,,,,,,,,,,,,广岛县,12.17,Hiroshima,TRUE,0,0,1887,0,11,1001,,,,,,,,,,8.03,6138001,243501,2952919,257519,3.97,48.11,,,,,,,,,,,,,,,,,,,
,,,,,,,,,,,,,,,群马县,12.17,Gunma,TRUE,0,0,1771,0,26,1328,,,,,,,,,,8.04,6195060,244092,3019500,219748,3.94,48.74,,,,,,,,,,,,,,,,,,,
,,,,,,,,,,,,,,,宫城县,12.17,Miyagi,TRUE,0,0,1626,0,11,1241,,,,,,,,,,8.05,6257066,245479,3054382,206600,3.92,48.81,,,,,,,,,,,,,,,,,,,
,,,,,,,,,,,,,,,岐阜县,12.17,Gifu,TRUE,0,0,1585,0,22,1181,,,,,,,,,,8.06,6315167,246791,3112839,259222,3.91,49.29,,,,,,,,,,,,,,,,,,,
,,,,,,,,,,,,,,,奈良县,12.17,Nara,TRUE,0,0,1530,0,14,1259,,,,,,,,,,8.07,6375560,247995,3149370,278158,3.89,49.4,,,,,,,,,,,,,,,,,,,
,,,,,,,,,,,,,,,熊本县,12.17,Kumamoto,TRUE,0,0,1343,0,14,1071,,,,,,,,,,8.08,6445718,249288,3189669,284321,3.87,49.49,,,,,,,,,,,,,,,,,,,
,,,,,,,,,,,,,,,三重县,12.17,Mie,TRUE,0,0,1102,0,13,887,,,,,,,,,,8.09,6499917,250264,3211172,273458,3.85,49.4,,,,,,,,,,,,,,,,,,,
,,,,,,,,,,,,,,,检疫等工作人员,10.14,,FALSE,0,0,1055,0,0,0,,,,,,,,,,8.1,6549638,250811,3237403,253288,3.83,49.43,,,,,,,,,,,,,,,,,,,
,,,,,,,,,,,,,,,长野县,12.17,Nagano,TRUE,0,0,1005,0,7,788,,,,,,,,,,8.11,6610258,251459,3288636,215920,3.8,49.75,,,,,,,,,,,,,,,,,,,
,,,,,,,,,,,,,,,栃木县,12.17,Tochigi,TRUE,0,0,938,0,3,697,,,,,,,,,,8.12,6668401,253021,3328050,214924,3.79,49.91,,,,,,,,,,,,,,,,,,,
,,,,,,,,,,,,,,,石川县,12.17,Ishikawa,TRUE,0,0,930,0,51,819,,,,,,,,,,8.13,6725918,254401,3385305,276316,3.78,50.33,,,,,,,,,,,,,,,,,,,
,,,,,,,,,,,,,,,滋贺县,12.17,Shiga,TRUE,0,0,886,0,11,795,,,,,,,,,,8.14,6784217,255711,3415906,286611,3.77,50.35,,,,,,,,,,,,,,,,,,,
,,,,,,,,,,,,,,,鹿儿岛县,12.17,Kagoshima,TRUE,0,0,858,0,15,653,,,,,,,,,,8.15,6844817,256831,3447849,294167,3.75,50.37,,,,,,,,,,,,,,,,,,,
,,,,,,,,,,,,,,,冈山县,12.17,Okayama,TRUE,0,0,858,0,12,562,,,,,,,,,,8.16,6898340,257902,3472890,267225,3.74,50.34,,,,,,,,,,,,,,,,,,,
,,,,,,,,,,,,,,,福岛县,12.17,Fukushima,TRUE,0,0,658,0,10,509,,,,,,,,,,8.17,6935183,258424,3495426,250187,3.73,50.4,,,,,,,,,,,,,,,,,,,
,,,,,,,,,,,,,,,宫崎县,12.17,Miyazaki,TRUE,0,0,624,0,5,536,,,,,,,,,,8.18,6982921,259053,3546289,206373,3.71,50.79,,,,,,,,,,,,,,,,,,,
,,,,,,,,,,,,,,,和歌山县,12.17,Wakayama,TRUE,0,0,568,0,7,481,,,,,,,,,,8.19,7028996,260435,3583800,213337,3.71,50.99,,,,,,,,,,,,,,,,,,,
,,,,,,,,,,,,,,,大分县,12.17,Oita,TRUE,0,0,543,0,3,385,,,,,,,,,,8.2,7077668,261825,3635033,263568,3.7,51.36,,,,,,,,,,,,,,,,,,,
,,,,,,,,,,,,,,,富山县,12.17,Toyama,TRUE,0,0,481,0,26,433,,,,,,,,,,8.21,7123009,263560,3668186,277577,3.7,51.5,,,,,,,,,,,,,,,,,,,
,,,,,,,,,,,,,,,山梨县,12.17,Yamanashi,TRUE,0,0,463,0,8,406,,,,,,,,,,8.22,7193368,264729,3700120,275449,3.68,51.44,,,,,,,,,,,,,,,,,,,
,,,,,,,,,,,,,,,山口县,12.17,Yamaguchi,TRUE,0,0,441,0,2,388,,,,,,,,,,8.23,7238059,265703,3720782,244185,3.67,51.41,,,,,,,,,,,,,,,,,,,
,,,,,,,,,,,,,,,高知县,12.17,Kochi,TRUE,0,0,432,0,4,241,,,,,,,,,,8.24,7270777,266133,3739765,253922,3.66,51.44,,,,,,,,,,,,,,,,,,,
,,,,,,,,,,,,,,,新潟县,12.17,Niigata,TRUE,0,0,418,0,3,335,,,,,,,,,,8.25,7325191,266677,3790683,206359,3.64,51.75,,,,,,,,,,,,,,,,,,,
,,,,,,,,,,,,,,,佐贺县,12.17,Saga,TRUE,0,0,396,0,3,336,,,,,,,,,,8.26,7367704,267979,3826984,210149,3.64,51.94,,,,,,,,,,,,,,,,,,,
,,,,,,,,,,,,,,,青森县,12.17,Aomori,TRUE,0,0,383,0,6,325,,,,,,,,,,8.27,7415935,269315,3886563,267638,3.63,52.41,,,,,,,,,,,,,,,,,,,
,,,,,,,,,,,,,,,爱媛县,12.17,Ehime,TRUE,0,0,370,0,9,305,,,,,,,,,,8.28,7487178,270483,3920642,281551,3.61,52.36,,,,,,,,,,,,,,,,,,,
,,,,,,,,,,,,,,,长崎县,12.17,Nagasaki,TRUE,0,0,345,0,3,272,,,,,,,,,,8.29,7540608,271603,3948540,287116,3.6,52.36,,,,,,,,,,,,,,,,,,,
,,,,,,,,,,,,,,,福井县,12.17,Fukui,TRUE,0,0,337,0,11,306,,,,,,,,,,8.3,7583451,272557,3981501,265860,3.59,52.5,,,,,,,,,,,,,,,,,,,
,,,,,,,,,,,,,,,山形县,12.17,Yamagata,TRUE,0,0,290,0,1,154,,,,,,,,,,8.31,7617609,272926,3998425,264075,3.58,52.49,,,,,,,,,,,,,,,,,,,
,,,,,,,,,,,,,,,香川县,12.17,Kagawa,TRUE,0,0,205,0,3,150,,,,,,,,,,9.01,7663406,273521,4028965,208196,3.57,52.57,,,,,,,,,,,,,,,,,,,
,,,,,,,,,,,,,,,德岛县,12.17,Tokushima,TRUE,0,0,188,0,10,175,,,,,,,,,,9.02,7717296,274743,4069615,245964,3.56,52.73,,,,,,,,,,,,,,,,,,,
,,,,,,,,,,,,,,,武汉包机回国者,10.14,,FALSE,0,0,173,0,2,0,,,,,,,,,,9.03,7759043,275849,4119734,279318,3.56,53.1,,,,,,,,,,,,,,,,,,,
,,,,,,,,,,,,,,,岛根县,12.17,Shimane,TRUE,0,0,170,0,0,155,,,,,,,,,,9.04,7812509,276983,4147798,285354,3.55,53.09,,,,,,,,,,,,,,,,,,,
,,,,,,,,,,,,,,,秋田县,12.17,Akita,TRUE,0,0,94,0,1,89,,,,,,,,,,9.05,7894942,278220,4208556,296009,3.52,53.31,,,,,,,,,,,,,,,,,,,
,,,,,,,,,,,,,,,鸟取县,12.17,Tottori,TRUE,0,0,68,0,0,58,,,,,,,,,,9.06,7937037,278927,4279702,294514,3.51,53.92,,,,,,,,,,,,,,,,,,,
,,,,,,,,,,,,,,,岩手县,10.14,,FALSE,0,0,25,0,0,0,,,,,,,,,,9.07,7966135,279359,4298672,265784,3.51,53.96,,,,,,,,,,,,,,,,,,,
,,,,,,,,,,,,,,,地区待确认,10.15,,FALSE,0,0,0,0,0,0,,,,,,,,,,9.08,7999876,279741,4331331,203875,3.5,54.14,,,,,,,,,,,,,,,,,,,
巴基斯坦,亚洲,3.3,FALSE,0,0,1625,0,20,29,1576,0,0,0,0,,,,,,,,,,,,,,,,,,,,9.09,8037496,280317,4369462,218140,3.49,54.36,,,,,,,,,,,,,,,,,,,
菲律宾,亚洲,3.3,FALSE,0,0,1546,0,78,42,1426,0,0,0,0,,,,,,,,,,,,,,,,,,,,9.1,8081606,281558,4418797,249990,3.48,54.68,,,,,,,,,,,,,,,,,,,
泰国,亚洲,3.3,FALSE,0,0,1524,0,9,127,1388,0,0,0,0,,,,,,,,,,,,,,,,,,,,9.11,8131058,282718,4452662,288759,3.48,54.76,,,,,,,,,,,,,,,,,,,
沙特阿拉伯,亚洲,3.3,FALSE,0,0,1453,0,8,115,1330,0,0,0,0,,,,,,,,,,,,,,,,,,,,9.12,8201696,283859,4490664,287948,3.46,54.75,,,,,,,,,,,,,,,,,,,
印度尼西亚,亚洲,3.3,FALSE,0,0,1414,0,122,75,1217,0,0,0,0,,,,,,,,,,,,,,,,,,,,9.13,8242050,284566,4523056,307907,3.45,54.88,,,,,,,,,,,,,,,,,,,
南非,非洲,3.3,FALSE,0,0,1280,0,2,31,1247,0,0,0,0,,,,,,,,,,,,,,,,,,,,9.14,8273907,284958,4547651,267228,3.44,54.96,,,,,,,,,,,,,,,,,,,
芬兰,欧洲,3.3,FALSE,0,0,1240,0,11,10,1219,0,0,0,0,,,,,,,,,,,,,,,,,,,,9.15,8331771,285539,4600528,232991,3.43,55.22,,,,,,,,,,,,,,,,,,,
希腊,欧洲,3.29,FALSE,0,0,1156,0,38,52,1066,0,0,0,0,,,,,,,,,,,,,,,,,,,,9.16,8380066,286892,4640788,252664,3.42,55.38,,,,,,,,,,,,,,,,,,,
印度,亚洲,3.3,FALSE,0,0,1071,0,29,99,943,0,0,0,0,,,,,,,,,,,,,,,,,,,,9.17,8431413,288282,4691860,292288,3.42,55.65,,,,,,,,,,,,,,,,,,,
冰岛,欧洲,3.3,FALSE,0,0,1020,0,2,135,883,0,0,0,0,,,,,,,,,,,,,,,,,,,,9.18,8488999,289309,4727741,315875,3.41,55.69,,,,,,,,,,,,,,,,,,,
墨西哥,北美洲,3.3,FALSE,0,0,993,0,20,4,969,0,0,0,0,,,,,,,,,,,,,,,,,,,,9.19,8574027,290357,4764596,312026,3.39,55.57,,,,,,,,,,,,,,,,,,,
巴拿马,北美洲,3.3,FALSE,0,0,989,0,24,4,961,0,0,0,0,,,,,,,,,,,,,,,,,,,,9.2,8615489,291010,4796395,304774,3.38,55.67,,,,,,,,,,,,,,,,,,,
多米尼加,北美洲,3.3,FALSE,0,0,901,0,42,4,855,0,0,0,0,,,,,,,,,,,,,,,,,,,,9.21,8652854,291304,4822842,272549,3.37,55.74,,,,,,,,,,,,,,,,,,,
新加坡,亚洲,3.3,FALSE,0,0,879,0,3,228,648,0,0,0,0,,,,,,,,,,,,,,,,,,,,9.22,8706436,291860,4872227,222242,3.35,55.96,,,,,,,,,,,,,,,,,,,
阿根廷,南美洲,3.3,FALSE,0,0,820,0,80,72,668,0,0,0,0,,,,,,,,,,,,,,,,,,,,9.23,8768956,293066,4918812,246147,3.34,56.09,,,,,,,,,,,,,,,,,,,
克罗地亚,欧洲,3.3,FALSE,0,0,713,0,6,55,652,0,0,0,0,,,,,,,,,,,,,,,,,,,,9.24,8821861,294318,4971609,298075,3.34,56.36,,,,,,,,,,,,,,,,,,,
钻石号邮轮,其他,3.31,FALSE,0,0,712,0,11,603,98,0,0,0,0,,,,,,,,,,,,,,,,,,,,9.25,8878432,295347,5010277,302990,3.33,56.43,,,,,,,,,,,,,,,,,,,
哥伦比亚,南美洲,3.3,FALSE,0,0,702,0,10,10,682,0,0,0,0,,,,,,,,,,,,,,,,,,,,9.26,8968134,296363,5053421,316866,3.3,56.35,,,,,,,,,,,,,,,,,,,
斯洛文尼亚,欧洲,3.29,FALSE,0,0,684,0,9,10,665,0,0,0,0,,,,,,,,,,,,,,,,,,,,9.27,9011511,297100,5096810,298758,3.3,56.56,,,,,,,,,,,,,,,,,,,
爱沙尼亚,欧洲,3.29,FALSE,0,0,645,0,1,20,624,0,0,0,0,,,,,,,,,,,,,,,,,,,,9.28,9045293,297376,5133158,302250,3.29,56.75,,,,,,,,,,,,,,,,,,,
卡塔尔,亚洲,3.3,FALSE,0,0,634,0,1,48,585,0,0,0,0,,,,,,,,,,,,,,,,,,,,9.29,9098629,297910,5182338,222723,3.27,56.96,,,,,,,,,,,,,,,,,,,
阿联酋,亚洲,3.3,FALSE,0,0,611,0,5,61,545,0,0,0,0,,,,,,,,,,,,,,,,,,,,9.3,9153070,299090,5221385,242166,3.27,57.05,,,,,,,,,,,,,,,,,,,
埃及,非洲,3.3,FALSE,0,0,609,0,40,132,437,0,0,0,0,,,,,,,,,,,,,,,,,,,,10.01,9205222,300222,5272408,285744,3.26,57.28,,,,,,,,,,,,,,,,,,,
新西兰,大洋洲,3.3,FALSE,0,0,589,0,1,56,532,0,0,0,0,,,,,,,,,,,,,,,,,,,,10.02,9262030,301324,5309323,315607,3.25,57.32,,,,,,,,,,,,,,,,,,,
阿塞拜疆,亚洲,4.05,FALSE,0,0,584,0,5,32,547,0,0,0,0,,,,,,,,,,,,,,,,,,,,10.03,9348882,302301,5349526,320508,3.23,57.22,,,,,,,,,,,,,,,,,,,
伊拉克,亚洲,3.29,FALSE,0,0,547,0,42,143,362,0,0,0,0,,,,,,,,,,,,,,,,,,,,10.04,9400405,303054,5391211,304423,3.22,57.35,,,,,,,,,,,,,,,,,,,
摩洛哥,非洲,3.3,FALSE,0,0,516,0,27,13,476,0,0,0,0,,,,,,,,,,,,,,,,,,,,10.05,9436471,303388,5421740,294738,3.22,57.46,,,,,,,,,,,,,,,,,,,
巴林,亚洲,3.3,FALSE,0,0,515,0,4,279,232,0,0,0,0,,,,,,,,,,,,,,,,,,,,10.06,9521234,303948,5467780,235836,3.19,57.43,,,,,,,,,,,,,,,,,,,
阿尔及利亚,非洲,3.3,FALSE,0,0,511,0,31,32,448,0,0,0,0,,,,,,,,,,,,,,,,,,,,10.07,9577129,304999,5508247,271403,3.18,57.51,,,,,,,,,,,,,,,,,,,
亚美尼亚,亚洲,3.3,FALSE,0,0,481,0,3,30,448,0,0,0,0,,,,,,,,,,,,,,,,,,,,10.08,9637252,306037,5556532,338755,3.18,57.66,,,,,,,,,,,,,,,,,,,
乌克兰,欧洲,3.3,FALSE,0,0,480,0,11,6,463,0,0,0,0,,,,,,,,,,,,,,,,,,,,10.09,9706896,307117,5597895,350726,3.16,57.67,,,,,,,,,,,,,,,,,,,
立陶宛,欧洲,3.29,FALSE,0,0,460,0,7,1,452,0,0,0,0,,,,,,,,,,,,,,,,,,,,10.1,9773597,308268,5637002,383333,3.15,57.68,,,,,,,,,,,,,,,,,,,
匈牙利,欧洲,3.3,FALSE,0,0,447,0,15,34,398,0,0,0,0,,,,,,,,,,,,,,,,,,,,10.11,9824624,308902,5662544,347499,3.14,57.64,,,,,,,,,,,,,,,,,,,
黎巴嫩,亚洲,3.3,FALSE,0,0,446,0,11,32,403,0,0,0,0,,,,,,,,,,,,,,,,,,,,10.12,9871117,309315,5700864,307375,3.13,57.75,,,,,,,,,,,,,,,,,,,
拉脱维亚,欧洲,3.3,FALSE,0,0,347,0,0,1,346,0,0,0,0,,,,,,,,,,,,,,,,,,,,10.13,9944764,309826,5757317,269949,3.12,57.89,,,,,,,,,,,,,,,,,,,
斯洛伐克,欧洲,3.3,FALSE,0,0,336,0,0,2,334,0,0,0,0,,,,,,,,,,,,,,,,,,,,10.14,10004343,310768,5799125,287002,3.11,57.97,,,,,,,,,,,,,,,,,,,
安道尔,欧洲,3.29,FALSE,0,0,334,0,6,6,322,0,0,0,0,,,,,,,,,,,,,,,,,,,,10.15,10076106,311947,5851455,336504,3.1,58.07,,,,,,,,,,,,,,,,,,,
波黑,欧洲,3.3,FALSE,0,0,324,0,6,8,310,0,0,0,0,,,,,,,,,,,,,,,,,,,,10.16,10178025,312961,5892841,383551,3.07,57.9,,,,,,,,,,,,,,,,,,,
保加利亚,欧洲,3.28,FALSE,0,0,313,0,3,4,306,0,0,0,0,,,,,,,,,,,,,,,,,,,,10.17,10259753,314110,5968103,392447,3.06,58.17,,,,,,,,,,,,,,,,,,,
突尼斯,非洲,3.3,FALSE,0,0,312,0,8,2,302,0,0,0,0,,,,,,,,,,,,,,,,,,,,10.18,10314140,314748,6004894,389653,3.05,58.22,,,,,,,,,,,,,,,,,,,
乌拉圭,南美洲,3.3,FALSE,0,0,309,0,1,6,302,0,0,0,0,,,,,,,,,,,,,,,,,,,,10.19,10359274,315196,6030386,338079,3.04,58.21,,,,,,,,,,,,,,,,,,,
哈萨克斯坦,亚洲,3.3,FALSE,0,0,302,0,1,21,280,0,0,0,0,,,,,,,,,,,,,,,,,,,,10.2,10461200,315905,6075970,296847,3.02,58.08,,,,,,,,,,,,,,,,,,,
哥斯达黎加,北美洲,3.29,FALSE,0,0,295,0,2,3,290,0,0,0,0,,,,,,,,,,,,,,,,,,,,10.21,10538727,317050,6118321,350405,3.01,58.06,,,,,,,,,,,,,,,,,,,
科威特,亚洲,3.3,FALSE,0,0,266,0,0,72,194,0,0,0,0,,,,,,,,,,,,,,,,,,,,10.22,10620212,318466,6174818,423796,3,58.14,,,,,,,,,,,,,,,,,,,
约旦,亚洲,3.3,FALSE,0,0,259,0,3,18,238,0,0,0,0,,,,,,,,,,,,,,,,,,,,10.23,10740924,319593,6228003,445386,2.98,57.98,,,,,,,,,,,,,,,,,,,
北马其顿,欧洲,3.3,FALSE,0,0,259,0,6,3,250,0,0,0,0,,,,,,,,,,,,,,,,,,,,10.24,10846077,320727,6270863,465290,2.96,57.82,,,,,,,,,,,,,,,,,,,
摩尔多瓦,欧洲,3.29,FALSE,0,0,231,0,2,2,227,0,0,0,0,,,,,,,,,,,,,,,,,,,,10.25,10927056,321511,6314313,438611,2.94,57.79,,,,,,,,,,,,,,,,,,,
圣马力诺,欧洲,3.3,FALSE,0,0,224,0,22,6,196,0,0,0,0,,,,,,,,,,,,,,,,,,,,10.26,10988303,321953,6345200,435502,2.93,57.75,,,,,,,,,,,,,,,,,,,
布基纳法索,非洲,3.3,FALSE,0,0,222,0,12,23,187,0,0,0,0,,,,,,,,,,,,,,,,,,,,10.27,11108033,322767,6406526,357680,2.91,57.67,,,,,,,,,,,,,,,,,,,
塞浦路斯,亚洲,3.29,FALSE,0,0,214,0,6,15,193,0,0,0,0,,,,,,,,,,,,,,,,,,,,10.28,11201698,324073,6450666,404112,2.89,57.59,,,,,,,,,,,,,,,,,,,
阿尔巴尼亚,欧洲,3.3,FALSE,0,0,212,0,10,33,169,0,0,0,0,,,,,,,,,,,,,,,,,,,,10.29,11304184,325287,6505914,479368,2.88,57.55,,,,,,,,,,,,,,,,,,,
越南,亚洲,3.3,FALSE,0,0,194,0,0,52,142,0,0,0,0,,,,,,,,,,,,,,,,,,,,10.3,11440441,326507,6556047,505725,2.85,57.31,,,,,,,,,,,,,,,,,,,
阿曼,亚洲,3.3,FALSE,0,0,179,0,0,29,150,0,0,0,0,,,,,,,,,,,,,,,,,,,,10.31,11569566,327728,6597214,535887,2.83,57.02,,,,,,,,,,,,,,,,,,,
科特迪瓦,非洲,3.3,FALSE,0,0,165,0,1,4,160,0,0,0,0,,,,,,,,,,,,,,,,,,,,11.01,11655859,328641,6635140,473283,2.82,56.93,,,,,,,,,,,,,,,,,,,
塞内加尔,非洲,3.3,FALSE,0,0,162,0,0,28,134,0,0,0,0,,,,,,,,,,,,,,,,,,,,11.02,11727180,329040,6676307,440543,2.81,56.93,,,,,,,,,,,,,,,,,,,
加纳,非洲,3.29,FALSE,0,0,152,0,5,2,145,0,0,0,0,,,,,,,,,,,,,,,,,,,,11.03,11869382,329945,6744104,428608,2.78,56.82,,,,,,,,,,,,,,,,,,,
马耳他,欧洲,3.29,FALSE,0,0,149,0,0,2,147,0,0,0,0,,,,,,,,,,,,,,,,,,,,11.04,12013036,331827,6808872,436038,2.76,56.68,,,,,,,,,,,,,,,,,,,
乌兹别克斯坦,亚洲,3.3,FALSE,0,0,149,0,2,7,140,0,0,0,0,,,,,,,,,,,,,,,,,,,,11.05,12146905,334638,6864721,529224,2.75,56.51,,,,,,,,,,,,,,,,,,,
阿富汗,亚洲,3.3,FALSE,0,0,145,0,4,2,139,0,0,0,0,,,,,,,,,,,,,,,,,,,,11.06,12274169,336130,6913174,581635,2.74,56.32,,,,,,,,,,,,,,,,,,,
喀麦隆,非洲,3.3,FALSE,0,0,142,0,6,5,131,0,0,0,0,,,,,,,,,,,,,,,,,,,,11.07,12435749,337754,6963910,555829,2.72,56,,,,,,,,,,,,,,,,,,,
洪都拉斯,北美洲,3.3,FALSE,0,0,139,0,1,3,135,0,0,0,0,,,,,,,,,,,,,,,,,,,,11.08,12559981,338781,7014446,441665,2.7,55.85,,,,,,,,,,,,,,,,,,,
文莱,亚洲,3.3,FALSE,0,0,127,0,1,38,88,0,0,0,0,,,,,,,,,,,,,,,,,,,,11.09,12665643,339292,7056122,677759,2.68,55.71,,,,,,,,,,,,,,,,,,,
斯里兰卡,亚洲,3.3,FALSE,0,0,122,0,1,11,110,0,0,0,0,,,,,,,,,,,,,,,,,,,,11.1,12837310,340484,7125312,427522,2.65,55.5,,,,,,,,,,,,,,,,,,,
古巴,北美洲,3.29,FALSE,0,0,119,0,3,4,112,0,0,0,0,,,,,,,,,,,,,,,,,,,,11.11,12991933,342246,7174033,490450,2.63,55.22,,,,,,,,,,,,,,,,,,,
委内瑞拉,南美洲,3.29,FALSE,0,0,119,0,2,39,78,0,0,0,0,,,,,,,,,,,,,,,,,,,,11.12,13160475,344193,7221381,579216,2.62,54.87,,,,,,,,,,,,,,,,,,,
尼日利亚,非洲,3.3,FALSE,0,0,111,0,1,3,107,0,0,0,0,,,,,,,,,,,,,,,,,,,,11.13,13347556,345737,7300822,628100,2.59,54.7,,,,,,,,,,,,,,,,,,,
毛里求斯,非洲,3.29,FALSE,0,0,107,0,2,0,105,0,0,0,0,,,,,,,,,,,,,,,,,,,,11.14,13545724,347435,7361848,657280,2.56,54.35,,,,,,,,,,,,,,,,,,,
巴勒斯坦,亚洲,3.3,FALSE,0,0,106,0,1,18,87,0,0,0,0,,,,,,,,,,,,,,,,,,,,11.15,13707398,348716,7463717,593976,2.54,54.45,,,,,,,,,,,,,,,,,,,
柬埔寨,亚洲,3.3,FALSE,0,0,103,0,0,21,82,0,0,0,0,,,,,,,,,,,,,,,,,,,,11.16,13847739,349292,7508332,528881,2.52,54.22,,,,,,,,,,,,,,,,,,,
格鲁吉亚,亚洲,3.3,FALSE,0,0,98,0,0,18,80,0,0,0,0,,,,,,,,,,,,,,,,,,,,11.17,14048708,350595,7592006,456727,2.5,54.04,,,,,,,,,,,,,,,,,,,
白俄罗斯,欧洲,3.29,FALSE,0,0,94,0,0,32,62,0,0,0,0,,,,,,,,,,,,,,,,,,,,11.18,14219521,352634,7660498,536210,2.48,53.87,,,,,,,,,,,,,,,,,,,
黑山,欧洲,3.3,FALSE,0,0,85,0,1,0,84,0,0,0,0,,,,,,,,,,,,,,,,,,,,11.19,14404946,354984,7739698,594519,2.46,53.73,,,,,,,,,,,,,,,,,,,
吉尔吉斯斯坦,亚洲,3.29,FALSE,0,0,84,0,0,0,84,0,0,0,0,,,,,,,,,,,,,,,,,,,,11.2,14633527,357315,7816190,620713,2.44,53.41,,,,,,,,,,,,,,,,,,,
玻利维亚,南美洲,3.29,FALSE,0,0,81,0,0,0,81,0,0,0,0,,,,,,,,,,,,,,,,,,,,11.21,14852697,359593,7889025,641625,2.42,53.12,,,,,,,,,,,,,,,,,,,
刚果（金）,非洲,3.3,FALSE,0,0,81,0,8,3,70,0,0,0,0,,,,,,,,,,,,,,,,,,,,11.22,15028637,361100,7976549,604883,2.4,53.08,,,,,,,,,,,,,,,,,,,
卢旺达,非洲,3.3,FALSE,0,0,70,0,0,0,70,0,0,0,0,,,,,,,,,,,,,,,,,,,,11.23,15166632,362006,8025242,542672,2.39,52.91,,,,,,,,,,,,,,,,,,,
巴拉圭,南美洲,3.3,FALSE,0,0,64,0,3,1,60,0,0,0,0,,,,,,,,,,,,,,,,,,,,11.24,15372831,363509,8121642,463634,2.36,52.83,,,,,,,,,,,,,,,,,,,
列支敦士登公国,欧洲,3.28,FALSE,0,0,56,0,0,0,56,0,0,0,0,,,,,,,,,,,,,,,,,,,,11.25,15557885,366250,8209386,527241,2.35,52.77,,,,,,,,,,,,,,,,,,,
肯尼亚,非洲,3.3,FALSE,0,0,50,0,1,1,48,0,0,0,0,,,,,,,,,,,,,,,,,,,,11.26,15749346,368947,8377982,577087,2.34,53.2,,,,,,,,,,,,,,,,,,,
孟加拉,亚洲,3.3,FALSE,0,0,49,0,5,19,25,0,0,0,0,,,,,,,,,,,,,,,,,,,,11.27,15875272,370620,8419574,441069,2.33,53.04,,,,,,,,,,,,,,,,,,,
马达加斯加,非洲,3.29,FALSE,0,0,43,0,0,0,43,0,0,0,0,,,,,,,,,,,,,,,,,,,,11.28,16089198,372385,8518284,746970,2.31,52.94,,,,,,,,,,,,,,,,,,,
摩纳哥,欧洲,3.29,FALSE,0,0,43,0,0,1,42,0,0,0,0,,,,,,,,,,,,,,,,,,,,11.29,16245301,373613,8613941,564709,2.3,53.02,,,,,,,,,,,,,,,,,,,
赞比亚,非洲,3.3,FALSE,0,0,35,0,0,0,35,0,0,0,0,,,,,,,,,,,,,,,,,,,,11.3,16385348,374431,8679905,496756,2.29,52.97,,,,,,,,,,,,,,,,,,,
危地马拉,北美洲,3.29,FALSE,0,0,34,0,1,10,23,0,0,0,0,,,,,,,,,,,,,,,,,,,,12.01,16573567,376092,8795581,453058,2.27,53.07,,,,,,,,,,,,,,,,,,,
乌干达,非洲,3.3,FALSE,0,0,33,0,0,0,33,0,0,0,0,,,,,,,,,,,,,,,,,,,,12.02,16770444,379178,8905720,491329,2.26,53.1,,,,,,,,,,,,,,,,,,,
多哥,非洲,3.3,FALSE,0,0,30,0,1,7,22,0,0,0,0,,,,,,,,,,,,,,,,,,,,12.03,16985226,382340,9035049,591303,2.25,53.19,,,,,,,,,,,,,,,,,,,
圭亚那,南美洲,3.29,FALSE,0,0,28,0,1,6,21,0,0,0,0,,,,,,,,,,,,,,,,,,,,12.04,17217539,385558,9134129,628484,2.24,53.05,,,,,,,,,,,,,,,,,,,
马里,非洲,3.3,FALSE,0,0,25,0,2,0,23,0,0,0,0,,,,,,,,,,,,,,,,,,,,12.05,17460432,388493,9231584,645098,2.22,52.87,,,,,,,,,,,,,,,,,,,
吉布提,非洲,3.3,FALSE,0,0,25,0,0,0,25,0,0,0,0,,,,,,,,,,,,,,,,,,,,12.06,17671322,390768,9360440,605089,2.21,52.97,,,,,,,,,,,,,,,,,,,
埃塞俄比亚,非洲,3.3,FALSE,0,0,23,0,0,2,21,0,0,0,0,,,,,,,,,,,,,,,,,,,,12.07,17847426,391849,9428295,549813,2.2,52.83,,,,,,,,,,,,,,,,,,,
缅甸,亚洲,4.03,FALSE,0,0,20,0,1,0,19,0,0,0,0,,,,,,,,,,,,,,,,,,,,12.08,18073498,393780,9554948,494654,2.18,52.87,,,,,,,,,,,,,,,,,,,
刚果（布）,非洲,3.28,FALSE,0,0,19,0,0,0,19,0,0,0,0,,,,,,,,,,,,,,,,,,,,12.09,18296161,396735,9659771,546586,2.17,52.8,,,,,,,,,,,,,,,,,,,
坦桑尼亚,非洲,3.3,FALSE,0,0,19,0,0,1,18,0,0,0,0,,,,,,,,,,,,,,,,,,,,12.1,18534267,400408,9799113,644585,2.16,52.87,,,,,,,,,,,,,,,,,,,
尼日尔,非洲,3.3,FALSE,0,0,18,0,1,0,17,0,0,0,0,,,,,,,,,,,,,,,,,,,,12.11,18762531,403727,9903567,692035,2.15,52.78,,,,,,,,,,,,,,,,,,,
马尔代夫,亚洲,3.3,FALSE,0,0,17,0,0,11,6,0,0,0,0,,,,,,,,,,,,,,,,,,,,12.12,19025649,407065,10080121,656081,2.14,52.98,,,,,,,,,,,,,,,,,,,
几内亚,非洲,3.3,FALSE,0,0,16,0,0,1,15,0,0,0,0,,,,,,,,,,,,,,,,,,,,12.13,21644061,464456,10391370,649324,2.15,48.01,,,,,,,,,,,,,,,,,,,
赤道几内亚,非洲,3.3,FALSE,0,0,14,0,0,0,14,0,0,0,0,,,,,,,,,,,,,,,,,,,,12.14,21831962,465833,10471484,574855,2.13,47.96,,,,,,,,,,,,,,,,,,,
蒙古,亚洲,3.28,FALSE,0,0,12,0,0,0,12,0,0,0,0,,,,,,,,,,,,,,,,,,,,12.15,22058114,467852,10618708,496053,2.12,48.14,,,,,,,,,,,,,,,,,,,
厄立特里亚,非洲,3.3,FALSE,0,0,12,0,0,0,12,0,0,0,0,,,,,,,,,,,,,,,,,,,,12.16,22268523,471219,10754898,585343,2.12,48.3,,,,,,,,,,,,,,,,,,,
纳米比亚,非洲,3.29,FALSE,0,0,11,0,0,0,11,0,0,0,0,,,,,,,,,,,,,,,,,,,,12.17,22528440,474923,10917780,0,2.11,48.46,,,,,,,,,,,,,,,,,,,
叙利亚,亚洲,3.3,FALSE,0,0,10,0,1,0,9,0,0,0,0,,,,,,,,,,,,,,,,,,,,,,,,,,,,,,,,,,,,,,,,,,,,,
斯威士兰,非洲,3.29,FALSE,0,0,9,0,0,0,9,0,0,0,0,,,,,,,,,,,,,,,,,,,,,,,,,,,,,,,,,,,,,,,,,,,,,
海地,北美洲,3.28,FALSE,0,0,8,0,0,0,8,0,0,0,0,,,,,,,,,,,,,,,,,,,,,,,,,,,,,,,,,,,,,,,,,,,,,
莫桑比克,非洲,3.28,FALSE,0,0,8,0,0,0,8,0,0,0,0,,,,,,,,,,,,,,,,,,,,,,,,,,,,,,,,,,,,,,,,,,,,,
塞舌尔,非洲,3.29,FALSE,0,0,8,0,0,0,8,0,0,0,0,,,,,,,,,,,,,,,,,,,,,,,,,,,,,,,,,,,,,,,,,,,,,
老挝,亚洲,3.29,FALSE,0,0,8,0,0,0,8,0,0,0,0,,,,,,,,,,,,,,,,,,,,,,,,,,,,,,,,,,,,,,,,,,,,,
苏里南,南美洲,3.28,FALSE,0,0,8,0,0,0,8,0,0,0,0,,,,,,,,,,,,,,,,,,,,,,,,,,,,,,,,,,,,,,,,,,,,,
安提瓜和巴布达,北美洲,3.28,FALSE,0,0,7,0,0,0,7,0,0,0,0,,,,,,,,,,,,,,,,,,,,,,,,,,,,,,,,,,,,,,,,,,,,,
津巴布韦,非洲,3.28,FALSE,0,0,7,0,1,0,6,0,0,0,0,,,,,,,,,,,,,,,,,,,,,,,,,,,,,,,,,,,,,,,,,,,,,
加蓬,非洲,3.27,FALSE,0,0,7,0,1,0,6,0,0,0,0,,,,,,,,,,,,,,,,,,,,,,,,,,,,,,,,,,,,,,,,,,,,,
安哥拉,非洲,3.3,FALSE,0,0,7,0,2,0,5,0,0,0,0,,,,,,,,,,,,,,,,,,,,,,,,,,,,,,,,,,,,,,,,,,,,,
梵蒂冈,欧洲,3.29,FALSE,0,0,6,0,0,0,6,0,0,0,0,,,,,,,,,,,,,,,,,,,,,,,,,,,,,,,,,,,,,,,,,,,,,
中非共和国,非洲,3.28,FALSE,0,0,6,0,0,0,6,0,0,0,0,,,,,,,,,,,,,,,,,,,,,,,,,,,,,,,,,,,,,,,,,,,,,
佛得角,非洲,3.29,FALSE,0,0,6,0,1,0,5,0,0,0,0,,,,,,,,,,,,,,,,,,,,,,,,,,,,,,,,,,,,,,,,,,,,,
苏丹,非洲,3.3,FALSE,0,0,6,0,1,0,5,0,0,0,0,,,,,,,,,,,,,,,,,,,,,,,,,,,,,,,,,,,,,,,,,,,,,
贝宁,非洲,3.28,FALSE,0,0,6,0,0,0,6,0,0,0,0,,,,,,,,,,,,,,,,,,,,,,,,,,,,,,,,,,,,,,,,,,,,,
乍得,非洲,3.29,FALSE,0,0,5,0,0,0,5,0,0,0,0,,,,,,,,,,,,,,,,,,,,,,,,,,,,,,,,,,,,,,,,,,,,,
毛里塔尼亚,非洲,3.3,FALSE,0,0,5,0,0,2,3,0,0,0,0,,,,,,,,,,,,,,,,,,,,,,,,,,,,,,,,,,,,,,,,,,,,,
尼泊尔,亚洲,3.25,FALSE,0,0,5,0,0,1,4,0,0,0,0,,,,,,,,,,,,,,,,,,,,,,,,,,,,,,,,,,,,,,,,,,,,,
不丹,亚洲,3.3,FALSE,0,0,4,0,0,0,4,0,0,0,0,,,,,,,,,,,,,,,,,,,,,,,,,,,,,,,,,,,,,,,,,,,,,
尼加拉瓜,北美洲,3.28,FALSE,0,0,4,0,1,0,3,0,0,0,0,,,,,,,,,,,,,,,,,,,,,,,,,,,,,,,,,,,,,,,,,,,,,
冈比亚,非洲,3.3,FALSE,0,0,4,0,1,0,3,0,0,0,0,,,,,,,,,,,,,,,,,,,,,,,,,,,,,,,,,,,,,,,,,,,,,
索马里,非洲,3.27,FALSE,0,0,3,0,0,0,3,0,0,0,0,,,,,,,,,,,,,,,,,,,,,,,,,,,,,,,,,,,,,,,,,,,,,
利比里亚,非洲,3.21,FALSE,0,0,3,0,0,0,3,0,0,0,0,,,,,,,,,,,,,,,,,,,,,,,,,,,,,,,,,,,,,,,,,,,,,
几内亚比绍,非洲,3.25,FALSE,0,0,2,0,0,0,2,0,0,0,0,,,,,,,,,,,,,,,,,,,,,,,,,,,,,,,,,,,,,,,,,,,,,
伯利兹,北美洲,3.28,FALSE,0,0,2,0,0,0,2,0,0,0,0,,,,,,,,,,,,,,,,,,,,,,,,,,,,,,,,,,,,,,,,,,,,,
东帝汶,亚洲,3.21,FALSE,0,0,1,0,0,0,1,0,0,0,0,,,,,,,,,,,,,,,,,,,,,,,,,,,,,,,,,,,,,,,,,,,,,
巴布亚新几内亚,大洋洲,3.21,FALSE,0,0,1,0,0,0,1,0,0,0,0,,,,,,,,,,,,,,,,,,,,,,,,,,,,,,,,,,,,,,,,,,,,,
